1,663692676,kfarrow@gogozoom.com,2241 9-street,St. Paul,OH,9779
2,8315356658,ntoelkes@iselectrics.com,8050 11-street,Henderson,NE,94296
3,6850141056,lferencz@streethex.com,7582 7-street,Fort Wayne,FL,97639
4,6568801094,lmonarrez@doncon.com,6786 21-street,Scottsdale,NV,80515
5,4856335522,rdelasancha@stanredtax.com,5214 17-street,St. Louis,CA,66315
6,9425991853,ahughey@dambase.com,1719 20-street,Oklahoma City,KY,10898
7,5575984000,,9824 9-street,Wichita,TX,12236
8,5858632305,ebaltimore@singletechno.com,6792 5-street,Jacksonville,FL,71766
9,3742674013,jfern@bioplex.com,793 8-street,New York,NY,99051
10,1387530559,faquas@scottech.com,5376 2-street,Arlington,LA,78037
11,1579571338,mharoldson@sumace.com,4203 19-street,Los Angeles,CA,95231
12,4940003129,mmalvin@funholding.com,4019 5-street,Aurora,CA,53539
13,6744378134,hmontezuma@donware.com,648 12-street,North Las Vegas,CA,54125
14,8250500917,jmunis@gogozoom.com,5943 8-street,Wichita,TX,29847
15,8862184577,vparvis@opentech.com,7282 17-street,Plano,NV,12480
16,5896714927,ltomasulo@blackzim.com,8634 11-street,San Francisco,CA,98229
17,9161351894,jpinilla@openlane.com,1838 2-street,Mesa,VA,21902
18,9796761201,dgalam@lexiqvolax.com,2852 9-street,Reno,VA,59227
19,6411017442,mbutt@plexzap.com,2910 16-street,Fort Worth,TX,68619
20,6596733592,ljurney@konmatfix.com,6627 16-street,Charlotte,NC,38430
21,5654051915,kbourbon@scotfind.com,3155 3-street,Las Vegas,WI,9573
22,4915233597,scomnick@streethex.com,3460 15-street,Chicago,IL,61708
23,6663567812,dhoneywell@blackzim.com,3860 16-street,Stockton,OH,70202
24,9509224748,lshinko@plussunin.com,4666 10-street,Boston,TN,61462
25,1587263688,bsaylors@codehow.com,6008 14-street,Honolulu,CO,96626
26,247749496,lrhoden@golddex.com,8102 19-street,Los Angeles,CA,14989
27,9991476373,lgillaspie@zencorporation.com,9349 13-street,Reno,VA,3955
28,5139591614,cgoldammer@silis.com,3758 3-street,Houston,TX,93403
29,7988113075,jfigeroa@faxquote.com,9685 2-street,Boston,TN,22976
30,1252295282,yturinetti@j-texon.com,5310 19-street,Cincinnati,MN,83089
31,1574497569,jfortino@finjob.com,7535 13-street,New Orleans,CA,21560
32,6254507435,lpawlowicz@gogozoom.com,9893 13-street,Madison,TX,95139
33,2702089410,lrantanen@plusstrip.com,5202 20-street,Fort Worth,TX,91740
34,1577607406,,63 19-street,Orlando,FL,68407
35,3539684893,lhalter@openlane.com,350 5-street,Colorado Springs,NE,8954
36,3963308236,sgiguere@finjob.com,3394 11-street,Virginia Beach,GA,21078
37,213399946,tmconnell@zumgoity.com,438 4-street,Riverside,TX,71675
38,720363016,abitsuie@xx-zobam.com,7156 12-street,Plano,NV,90870
39,1974184430,bmunns@codehow.com,6534 7-street,Columbus,OH,28691
40,7239819567,ddilello@rantouch.com,5496 3-street,Denver,CO,6934
41,2294596620,titurbide@rangreen.com,9483 7-street,Anchorage,CA,68807
42,505368401,dferencz@konex.com,1013 15-street,Chula Vista,IN,16752
43,5753398951,ndilliard@hottechi.com,9510 18-street,Long Beach,MO,9794
44,5341057929,tregusters@ganjaflex.com,9675 2-street,Jersey City,CA,70105
45,6430223893,cleto@ontomedia.com,3244 1-street,Plano,NV,60791
46,4303290648,ykonopacki@plusstrip.com,1138 17-street,St. Petersburg,AZ,99882
47,6582231709,lhoffis@singletechno.com,5810 1-street,Greensboro,NJ,23981
48,9248918714,pmartabano@doncon.com,2985 14-street,Los Angeles,CA,87682
49,8799619111,chollack@zoomit.com,3224 16-street,Sacramento,CA,24724
50,9968600599,aagramonte@isdom.com,8098 20-street,Wichita,TX,49318
51,368278690,amaybury@finhigh.com,3899 6-street,Boise City,VA,23115
52,8740455825,ydegroot@stanredtax.com,9146 8-street,Oklahoma City,KY,78936
53,1448914508,awildfong@gogozoom.com,6043 6-street,Dallas,TX,21023
54,4584955666,rskulski@sonron.com,3367 4-street,Madison,TX,13950
55,3331922115,dsarao@golddex.com,4454 14-street,Buffalo,NJ,98345
56,7397974944,akusko@zencorporation.com,3583 21-street,Houston,TX,61159
57,291639883,tradde@stanredtax.com,196 14-street,San Diego,CA,63845
58,9396666663,ezurcher@bioplex.com,6175 17-street,Jacksonville,FL,13791
59,1187497771,cstoltzman@rundofase.com,5437 3-street,Irving,AZ,89091
60,7771651721,chellickson@donware.com,1196 18-street,Wichita,TX,27818
61,8985019834,qcantres@lexiqvolax.com,4691 12-street,Minneapolis,OK,93225
62,8468971957,eschieler@blackzim.com,6810 18-street,Indianapolis,IN,13749
63,1374181394,smaybury@bioplex.com,3096 19-street,Baton Rouge,TX,62255
64,1107569648,,5135 21-street,Los Angeles,CA,16330
65,9680830274,hwaymire@newex.com,1130 3-street,Baltimore,OK,28902
66,4693228016,ahidvegi@scotfind.com,5887 16-street,Mesa,VA,78558
67,4184402236,jlukasik@xx-holding.com,9487 7-street,Cleveland,KS,17954
68,1529913151,bonofrio@scotfind.com,9737 7-street,Seattle,WA,12926
69,706470748,yfelger@groovestreet.com,2680 7-street,Baltimore,OK,83300
70,1455563822,svinning@domzoom.com,712 19-street,Houston,TX,4775
71,9963348430,afillingim@kan-code.com,8691 9-street,Indianapolis,IN,6705
72,728931740,amorocco@stanredtax.com,226 14-street,Tucson,CA,80383
73,5788081288,wbreland@konmatfix.com,2359 5-street,Oklahoma City,KY,68456
74,7150655947,,9534 1-street,Glendale,TX,71607
75,3908583441,hherritt@dalttechnology.com,7044 16-street,Dallas,TX,53850
76,675048928,kgudroe@plussunin.com,4876 9-street,Lexington-Fayette,PA,27546
77,3761032673,jbiddy@iselectrics.com,200 18-street,Lincoln,NY,65794
78,2533720672,lahle@goodsilron.com,3433 21-street,Jersey City,CA,97554
79,7732242202,ejuhas@warephase.com,9582 11-street,Seattle,WA,96264
80,1678547402,nschemmer@zencorporation.com,3726 8-street,Baltimore,OK,33994
81,8898240201,jdemesa@scottech.com,9597 6-street,Garland,FL,23856
82,3915729799,jglick@goodsilron.com,6402 7-street,Irvine,NC,16724
83,4752675684,xgochal@donquadtech.com,8284 1-street,Tucson,CA,49195
84,3317859541,cbenimadho@newex.com,6150 17-street,Norfolk,NC,3321
85,7577634102,tbachman@konex.com,237 5-street,St. Louis,CA,43201
86,5318388770,ekines@donware.com,419 6-street,Columbus,OH,7051
87,2738568375,tlinahan@labdrill.com,1604 1-street,Omaha,NC,3539
88,5596686485,jkoppinger@bioplex.com,4940 2-street,Anaheim,CA,79483
89,5571476773,hauffrey@domzoom.com,7876 13-street,Anchorage,CA,60946
90,2413273945,cpadilla@codehow.com,9723 1-street,Chandler,TX,94525
91,2977557657,tfrerking@plexzap.com,7175 16-street,Cincinnati,MN,17189
92,8937050319,rmaynerich@zumgoity.com,9964 12-street,New York,NY,2933
93,9353320487,ijayson@cancity.com,7754 16-street,Charlotte,NC,89983
94,1859590014,cgibes@dontechi.com,5092 20-street,Tulsa,OH,36477
95,4406850849,dengelberg@rantouch.com,914 20-street,San Antonio,TX,68448
96,2439635928,apinilla@ron-tech.com,4911 3-street,Chula Vista,IN,14642
97,4935277297,bgellinger@green-plus.com,8904 1-street,Honolulu,CO,22824
98,6222810837,donofrio@warephase.com,2749 6-street,Charlotte,NC,98482
99,1353591607,cacey@nam-zim.com,3638 10-street,Houston,TX,87596
100,4902392607,kkippley@stanredtax.com,1228 6-street,Hialeah,NV,21726
101,5201367484,tfunnell@zoomit.com,3334 8-street,Austin,TX,72284
102,2831852567,ngiguere@silis.com,9998 18-street,Nashville-Davidson,MD,74375
103,1680591543,dperin@doncon.com,8884 9-street,Sacramento,CA,56712
104,9342834158,mdilello@openlane.com,5573 7-street,Bakersfield,FL,54549
105,838636926,,8665 18-street,Detroit,MI,89762
106,9460075046,klace@finjob.com,609 14-street,Omaha,NC,98545
107,2563801437,,5398 12-street,Lubbock,CA,18344
108,3232843344,khalter@betatech.com,6938 7-street,Albuquerque,AZ,92207
109,9481709095,,703 20-street,Fort Worth,TX,58757
110,3841718234,aogg@dalttechnology.com,4250 21-street,Virginia Beach,GA,70041
111,9596403978,dsetter@zumgoity.com,9246 12-street,Corpus Christi,KY,96337
112,8502719603,nperez@blackzim.com,2904 21-street,Memphis,TN,41308
113,5466289697,nsemidey@blackzim.com,5274 2-street,New York,NY,5501
114,7180122511,sisaacs@goodsilron.com,3397 3-street,Denver,CO,91136
115,4267282394,anunlee@zencorporation.com,8575 14-street,Austin,TX,30398
116,4754848228,jgotter@dontechi.com,5969 13-street,Buffalo,NJ,66988
117,1020207641,oostrosky@faxquote.com,1895 11-street,Fort Worth,TX,54411
118,389051409,eluczki@hatfan.com,3968 4-street,Newark,TX,26131
119,7269642762,ebarfield@betasoloin.com,2150 20-street,San Francisco,CA,69842
120,6762288681,jwitten@toughzap.com,3171 20-street,Nashville-Davidson,MD,86587
121,1675218251,llinahan@finjob.com,5462 20-street,Denver,CO,59180
122,9919665090,mcentini@singletechno.com,5345 16-street,Reno,VA,79485
123,4246621714,scloney@konmatfix.com,5861 16-street,Kansas City,AZ,24586
124,6288898018,amaile@conecom.com,7350 8-street,Portland,NV,32773
125,618710071,arentfro@domzoom.com,6729 13-street,Henderson,NE,7428
126,2299669538,rreiber@dalttechnology.com,4899 2-street,Detroit,MI,49663
127,5588339447,lbevelacqua@konmatfix.com,7730 4-street,Tampa,HI,19012
128,4869498938,gcomnick@conecom.com,7817 19-street,Memphis,TN,6064
129,3963753798,lehmann@dontechi.com,7687 5-street,Atlanta,CO,18500
130,2122687338,tbartolet@xx-holding.com,8458 18-street,Nashville-Davidson,MD,64729
131,692888034,dkaniecki@funholding.com,142 16-street,Los Angeles,CA,70143
132,3347958726,,8743 3-street,Albuquerque,AZ,57095
133,5857219334,sweight@dalttechnology.com,5406 12-street,Santa Ana,MO,67088
134,3845738997,dyglesias@silis.com,840 4-street,Oakland,MN,18815
135,1382305220,hcaiafa@codehow.com,7260 3-street,Sacramento,CA,45101
136,6422597429,epalaspas@stanredtax.com,7367 5-street,Minneapolis,OK,78814
137,8269013055,emauson@konmatfix.com,6556 12-street,Oakland,MN,27258
138,3880267245,hauffrey@sunnamplex.com,3597 2-street,Fort Worth,TX,16909
139,6670173598,earedondo@scottech.com,8485 9-street,Fort Worth,TX,38021
140,7577794453,ncolla@dambase.com,9934 21-street,Oakland,MN,43123
141,4968436811,ibrucato@stanredtax.com,5872 2-street,Santa Ana,MO,63822
142,718891515,tperin@blackzim.com,6078 4-street,Anchorage,CA,89677
143,4265505072,ckolmetz@warephase.com,8251 15-street,Arlington,LA,83488
144,9953808583,lhaufler@zathunicon.com,2797 5-street,El Paso,TX,45787
145,1267381896,jlindall@kinnamplus.com,2802 21-street,North Las Vegas,CA,82749
146,6460745453,estockham@y-corporation.com,6657 14-street,Dallas,TX,44760
147,1734123340,lcorbley@goodsilron.com,9429 5-street,Irvine,NC,23551
148,1325956157,dbrucato@plexzap.com,8359 17-street,Colorado Springs,NE,37713
149,6799503633,xscheyer@warephase.com,4826 21-street,Baltimore,OK,48572
150,8606030011,rblackwood@y-corporation.com,4833 11-street,Austin,TX,2720
151,7702201434,alorens@zencorporation.com,564 7-street,Phoenix,AZ,30761
152,9621955506,asweigard@kinnamplus.com,5737 4-street,Boston,TN,73659
153,527694166,dmiro@rundofase.com,1297 8-street,Raleigh,FL,54202
154,1326205709,,8257 14-street,Norfolk,NC,96993
155,2216937687,bfrey@goodsilron.com,9526 8-street,Anchorage,CA,9544
156,5133181891,apoullion@year-job.com,1018 7-street,Newark,TX,25874
157,1295867444,fschemmer@toughzap.com,8540 3-street,Anaheim,CA,89578
158,4190403055,kehmann@newex.com,9564 6-street,San Diego,CA,14868
159,4943302000,nboord@betatech.com,8045 10-street,Memphis,TN,26029
160,2765842516,ltegarden@scotfind.com,4630 14-street,Charlotte,NC,91338
161,1352389656,,5697 4-street,Lexington-Fayette,PA,64481
162,1320896761,rgato@bioholding.com,439 15-street,Bakersfield,FL,32198
163,9203540780,whengel@plexzap.com,5374 19-street,Gilbert,LA,18192
164,583472854,gleinenbach@betasoloin.com,3646 6-street,Richmond,CA,14113
165,9935571206,lkeener@betasoloin.com,9593 5-street,Philadelphia,PA,14670
