17-8311836,Warephase,Raymon,Wenner,Researcher M4,125
93-6088457,Zencorporation,Talia,Vizarro,Executive Manager R7,126
88-2511678,Inity,Olive,Lueckenbach,Director R4,127
43-0143820,Plussunin,Tresa,Liukko,Associate Fellow R3,128
53-2746024,Warephase,Hoa,Varriano,Associate Director M1,129
75-7314641,Openlane,France,Gleich,Manager R3,130
73-9308544,Cancity,Irma,Monarrez,Manager R8,131
33-3122572,Blackzim,Dominque,Venere,Senior Scientist M9,132
62-2765556,Kan-code,Truman,Miro,Senior Director L2,133
15-6515230,Yearin,Taryn,Slayton,SalesRep L5,134
26-0493429,Silis,Kanisha,Rowling,Director M3,135
00-6186900,Labdrill,Olive,Kiel,Manager L3,136
66-0947691,Zotware,Eladia,Castros,Senior Director M5,137
34-4111553,Labdrill,Alease,Regusters,Researcher L3,138
43-4733948,Goodsilron,Lai,Storment,Associate Manager M7,139
96-4982785,Bioholding,Levi,Chesterfield,Senior Scientist M4,140
35-0728111,Fasehatice,Chantell,Kulzer,Director R7,141
10-1885341,Betatech,Lai,Shin,Senior Scientist R1,142
53-5128822,Iselectrics,Emerson,Mirafuentes,Associate Fellow M2,143
94-0706896,Mathtouch,Valentine,Kulzer,Senior Manager M1,144
12-2459515,Nam-zim,Lonny,Marrier,SalesRep M9,145
97-4309225,Bioplex,Janine,Baltimore,Senior Manager L2,146
38-5715366,J-Texon,Louvenia,Bevelacqua,Senior Director L4,147
38-0990951,Lexiqvolax,Carmela,Scipione,Fellow R7,148
39-7861291,Plexzap,Carey,Mconnell,Associate Director L4,149
25-2484659,Groovestreet,Paz,Blunk,Senior Director R8,150
41-5753983,Xx-zobam,Vilma,Bartolet,Senior Director R9,151
25-8509075,Zencorporation,Eun,Bolognia,Senior Director M3,152
09-2477131,year-job,Jerry,Darakjy,Scientist L2,153
60-8943972,Iselectrics,Golda,Raymo,Senior Director L2,154
34-9450658,Finhigh,Mollie,Nestle,Senior Manager R8,155
37-0917926,Statholdings,Frederica,Lietz,Senior Director L4,156
80-2924796,J-Texon,Twana,Rulapaugh,Researcher R5,157
68-0050695,Donware,Markus,Bruschke,SalesRep R2,158
18-6868850,Sunnamplex,Lavonda,Juvera,Director R8,159
27-2108866,Toughzap,Ettie,Shin,Senior Director R8,160
21-0607602,Ron-tech,Blair,Sawchuk,Senior Manager M4,161
75-4600214,Ron-tech,Ilene,Fishburne,Scientist R1,162
19-6241359,dambase,Tawna,Tomasulo,Associate Fellow M4,163
08-9519988,Hatfan,Maurine,Briddick,Associate Manager M8,164
12-8194115,Hottechi,Katina,Layous,Scientist M9,165
