036JZFZ8I3K433701,Metallic
05AJ273ZM02946325,Navy
05WXEVLB5X8956206,White
0HJ3WSLKGZT340626,Rose
0KQT4QWDSFO183874,Bronze
0OZ6776OUA0065975,Bronze;Brown;Gray
0XHRC15HS5V123753,Claret
0XJA8OD4GS2220202,Black;Gray
0Y8HTOZ7K6L112375,Maroon
1D377TZAWSW801985,Navy
1D75678DO43448008,Orange
1EW5SWZMNBU661507,Beige;Claret;Gray
1J1RMS1AO48718511,Blue
1MF8O5K3V5X143850,Turquoise
1NVXI5JXG3Q330243,Tan
1RQR2NON75E373495,Cream
1U4MXLVV84A726331,Purple
1WU1KQALZ75403546,Rose
22420XMJ47N471618,White
23XI32P0M0K897737,Rose
27J2LRAE38R945176,White
2CEDOZQS3WI014174,Green
2KANK83IC2A444270,Rose
2TN1NJUXESG344969,Aluminum
30IT6VOHPTN692600,Copper;Gold;Pink
30KBYEYBKH5669910,Pink
31ZQB40Z55B784788,Beige;Claret;Copper
35TB5QWCJW0515619,Pink
38ZSAKVC20U930606,Gold
3HWBBE541KJ068668,Copper
3KYD25BMOB3101135,Maroon
3S8JO5UMV1Y166789,Rose
3U3N6HS8K3V143011,Aluminum
3VWJ7G74MRP551283,Yellow
41AHCTXZIUN699904,Green
426W8PU85BH593514,Rose
4G40BAXEV4V936460,Black
58SXUC0BZIA446980,Orange
5I71MA5PSO0445780,Blue
5U2302GFYRL619555,Silver
66BVP1UV1VM384215,Gold
6D300ABH65P725391,Purple
6GHR6AAGP36983674,Claret
6HKQMAEQ5PA690783,Claret;Pink;Purple
6KSCMBLK5DZ055754,Green
6PSJQWZYS2J443879,Aluminum
73MVKB63GMJ964569,Claret
7A13XEM0IMF171736,Rust
7F3L3GAY4BB268957,Tan
7FT34LPXEKD855738,Rose
7T0CI3XEYJA004139,Metallic
7W7UDF3KP41966929,Blue
7Y1EAHONCCS732936,Metallic
7YCPTKZS5B3163969,Silver
8BPZY476GS8852305,Brown
8C76DYYDYJU989849,Red
8CPKHCHU2W7031895,Beige
8FX05ZAH64B316440,Copper
8HJHTFE0FGU264640,Turquoise
A1NW00GFYRY803793,Rust
A2YAQD6KDWM503404,Metallic
ABCX0O07N6F519334,Black
AFTWPBMU2TA534019,Navy
AI51SMWRVBH997689,Copper
AKHFEO0D1D4893889,Silver
AN86IKI83LD618280,Brown;Red
ASBUY3C1GYP443816,White
ATWA3W65LU2848535,Bronze
AZCPHC4R1RY522608,Metallic
B2JQXKMCCJ3730138,Navy
B3V53WEVPX7253102,Aluminum;Claret;Orange
BHVL8OFSZ0G423785,Copper
BMMT70O7FLR864961,Gray
BNWE37HKK6A465562,Bronze;Navy;Purple
BX1OSN5TZYU191007,Beige
C0VHQRA5CIO857811,Silver
C1OCSTQ1VP0823459,Metallic
C4QIGI5R0PE739600,Gold
CHA3G8GE21K992177,Beige
CNXWEAHRICK569430,Blue
CQCKR5VZRWO844951,Copper;Metallic;Yellow
E5WGL31NMNQ304399,Rust;Turquoise
E64AFHYM7CM667399,Gold;Maroon
E8MFMML51CM701156,Brown
EAJW0OF78HV386515,Orange
EBZZN84J0L1163524,Aluminum
EFUWNBMO3TM316916,Copper
EMARJQJLUEI221810,Blue
ENHQ8WS125F354364,White
EVDJMOIDNRC331823,Cream
F5BABPZQD3I737349,Claret
F6TVSMY2L2Z886673,Purple
FRCY3VYNL42885570,Metallic
FWOYW8SJUH7074597,Maroon
FZ1HFZ585WR955503,Aluminum
G33VJW8N2FY389186,Red
GB5EB3AIUD0242483,Rust
GBA0V3Z00JI851102,Brown
GC225MTL5DF831250,Blue
GKTLIDKGMZ6109105,Cream;Green;White
H0SVSC0X1W0660350,Black;Gray
H130KLLOZLY973998,Rust
H7PM7E5LCY5894305,Rose;Rust;Turquoise
I6M6GMQGG7C407268,Turquoise
I7CVVBU08H1044370,Cream
IB3FDW7VPTE357125,Purple
IHCVQSL87UO415387,Metallic
IKUQE1AIER1879688,Maroon
IOCT8QVK86C997015,Copper
JAH4TXSVFRZ937654,White
JB6TJOH3G13545501,Navy
JGARQY7YBFD847126,Pink
JVT2Q6U7HLH559100,Metallic
JVUFO2OOZH6501609,Gold;Pink;Silver
K23GQ1HYKID336715,Brown;Navy
K5ZQ65X47KU986899,Turquoise
K6NPKFWC2DG818634,Green
KG6S1KYGKY7383089,Black
KIYTRMRZHSZ939929,Beige
KRDZJUDE7EC973298,Gray;Maroon
KSC5NS2WX0Q021711,Navy
L075CLEGAGV332326,Turquoise
L2G40AKW0DV261314,Pink
L8CKHAJ376Q732997,Blue
LAW66TO51NY340329,Turquoise
LEWHC17RSR2225266,Brown
LMC0DXV2F72475134,Brown
LN7ZMWGACVJ434473,Turquoise
LXLYHOV4G1Z722469,Black;Orange
M58W6OQD1J3561088,Purple
M6J2KWLLUKW587077,Turquoise
MBKMABQOONK563483,Tan
MT0OEZQ7C5Q035531,Red
MW6HGX7M6O4186962,Beige;Pink;White
MW7W375RHHU707116,Aluminum
MXF3EGT2PAG490479,Orange
MYX14D30CZI581341,Pink
N5VAEVB47M5598208,Rose
NNLD761PGMY686484,Gray
NQC3ODNRG8W618383,Copper
NVDV1HTYNUU168147,Yellow
OOXPL1JMKRX336822,Rust
OUIFCWSPPHR650293,Beige;Red;Silver
OUXQFNQE2K7274854,Pink
P7UUVOVKPTD080947,Orange
PC02G0A675B935953,Turquoise
PEXVHDHEYM7282767,Brown
PHTKITC5C1H921363,Tan
PUVTYE6IVGN271318,White
QHUYKEFC12W678012,Black
QNGJBXZ0ZPN690169,Bronze
R56SEOUUT0R265399,Yellow
RUAW8E8S2SA826885,Rose
RZ64Q4VF3EC682670,Aluminum;Cream;Rust
S7OOZE7TI6U419267,Claret;Gold
SEXWGCZNLS4439650,Beige;Gold;Tan
SGEAZM7OHRE981138,Metallic
SJV51DZQ416158315,Bronze
SROKG0OMKKQ394333,Green
SWME2EZ3HDD006687,Brown
SX73Y7QKKQF628146,Maroon
SZAJTDBI6IL561669,Claret
T1HO8QC0CE5867880,White
TD5OFRN1LC8601752,Gray
U0PQOVOJXT2453885,Copper
U3HSV2KCE0Y319532,Bronze
UEHE08QS622862172,White
UVVEV0Y7R3V483738,Beige
V4JVFR4YRS7140562,Green
VDJS4PZ5A22366162,Claret;Turquoise
VP0U4FNOL1Q272112,Orange
VROU7UEWYWK097688,Maroon
VSGK3RYW2TC911641,Red
WJENS213H4U188325,Claret
WJUY8SU2JR0730363,Maroon
WMXOWCZE1MO140134,Orange
WN6OY1F26X1741004,Cream
WSHBRYQYDCI202435,Rust
WSMCQT2QRUX986498,Aluminum
X7PFFGNBSQI524327,Red
XG2F8AZ3DKK768039,Metallic;Navy;Rose
XK51E6IAGWW949280,Tan
XLHSC830B4B709486,Purple
XOBOW6AU18A917853,Yellow
XUV6JR4Q8SX652578,Brown
YB3M3MZEQ1J275307,Silver
YR8K00OE58G720472,Purple
YSPKFT8VKW8617087,Copper
Z0Z206HDHO0103381,Metallic
Z4RBIUHHJZS859016,Metallic
Z4SH0SHZI01062444,Rose
Z8UDI7LAGS7164830,Aluminum
ZDIFPMGLJRT329921,Rust
ZDR30CO5D6G733856,Gold;Pink;Silver
ZIL5XS7BK6F565259,Metallic
ZIYO5EKWDKS246902,Maroon
ZJFVODF6M3T898510,Brown
ZS1M7DGNG0B708125,Blue
ZS1SXM3GTO8957023,Pink
ZXZP2ADJFMJ124788,Bronze
