A0519346932,Sarah,Pawlowicz,1
A0891946418,Stephen,Pelkowski,2
A0953343682,Helene,Saylors,3
A1543433846,Lenna,Skulski,4
A1953394969,Lorrine,Pagliuca,5
A2130488970,Nicolette,Biddy,6
A2156704547,Xochitl,Pagliuca,7
A2628970055,Cristy,Acey,8
A2840015188,Skye,Estell,9
A3747937972,Leatha,Batman,10
A3961543582,Carmelina,Rauser,11
A4237394300,Shenika,Kines,12
A4363352704,Adell,Leinenbach,13
A4708877275,Samira,Nachor,14
A5116094170,Shawna,Cousey,15
A5441879198,Fabiola,Keener,16
A5932340550,Blair,Cronauer,17
A6434991693,Truman,Strassner,18
A6448389020,Kimberlie,Stockham,19
A6482150674,Daniela,Mai,20
A6657577671,Lemuel,Kardas,21
A6819485677,Mariann,Burnard,22
A7120700731,Junita,Toelkes,23
A7690497079,Sylvia,Kusko,24
A8107181602,Norah,Gleich,25
A8352857373,Felicidad,Discipio,26
A8940446385,Annelle,Reiber,27
A9685977010,Louvenia,Gillaspie,28
A9800617405,Golda,Kannady,29
B0118879496,Sylvia,Kitty,30
B0504258873,Merissa,Wolny,31
B0585188333,Lorrie,Boord,32
B0664933596,Weldon,Gehrett,33
B0676368739,Refugia,Riden,34
B1467621707,Arlette,Arias,35
B1872571043,Elvera,Flosi,36
B1897119906,Filiberto,Limmel,37
B2116633076,Wilda,Fritz,38
B2287458166,Rolland,Emigh,39
B2804248768,Donte,Cousey,40
B2906209149,Chanel,Kippley,41
B3151226118,Delisa,Buvens,42
B3621247910,Edna,Wolny,43
B3716300300,Art,Degroot,44
B4543107001,Cyndy,Royster,45
B4645539147,Lili,Arias,46
B4683383831,Gracia,Agramonte,47
B4745861576,Brett,Toelkes,48
B4761949869,Oretha,Cork,49
B4801537581,Gracia,Sengbusch,50
B4913696298,Raylene,Zepp,51
B5327595424,Ressie,Palaia,52
B5428704297,Gracia,Ennaco,53
B5930662838,Latrice,Claucherty,54
B6148685373,Mireya,Sawchuk,55
B6520528449,Donette,Felger,56
B6645695262,Jose,Calvaresi,57
B6684374397,Mariann,Lary,58
B6711015012,Mitsue,Slusarski,59
B6894388117,Wynell,Swayze,60
B7298707408,Nana,Newville,61
B7658453163,Cyndy,Gochal,62
B7770854372,Garry,Schnitzler,63
B7825808469,Glendora,Ennaco,64
B7916407234,Ressie,Hoffis,65
B8617696591,Helaine,Maclead,66
B8740149731,Micaela,Cookey,67
B8838483933,Tamar,Rodefer,68
B9167611164,Mitsue,Diestel,69
C0188223064,Mitsue,Tomasulo,70
C0640712551,Talia,Keetch,71
C1172628796,Jacqueline,Shields,72
C1317447002,Franklyn,Kaniecki,73
C1394323936,Aliza,Meisel,74
C1404134532,Junita,Perigo,75
C1550981362,Glenna,Newville,76
C2448589066,Eden,Mirafuentes,77
C2744068306,Virgie,Garufi,78
C3304949185,Gail,Scheyer,79
C3670850732,Alishia,Latzke,80
C3686964342,Josphine,Degroot,81
C3701564618,Rhea,Jillson,82
C4179179446,Alyce,Hauenstein,83
C4376643077,Earleen,Onofrio,84
C4429219457,Rhea,Pontoriero,85
C5517920862,Tyra,Jacobos,86
C6508528685,Elke,Felger,87
C6885206034,Jina,Bowley,88
C6972781026,Ma,Yum,89
C7154501254,Glenna,Onofrio,90
C7245495659,Oretha,Bowley,91
C7482916743,Lenna,Honeywell,92
C7731551051,Larae,Thyberg,93
C7821395607,Glendora,Rodeigues,94
C8244565014,Irma,Dhamer,95
C8694307110,Katina,Monarrez,96
C8771937989,Thaddeus,Lawler,97
C8989750395,Derick,Dilliard,98
C9736973233,Joesph,Haufler,99
C9808620269,Martina,Lietz,100
C9903567737,Linn,Hollack,101
D0838982647,Sylvia,Kohnert,102
D1162502438,Lili,Farrar,103
D1451097081,France,Figeroa,104
D1490490202,Audry,Wide,105
D1610396701,Chaya,Palaia,106
D2548986249,Xochitl,Knipp,107
D2619628333,Junita,Walthall,108
D3829841679,Shawna,Vizarro,109
D4296267174,Ahmed,Padilla,110
D4435428566,Jacqueline,Strassner,111
D5555586904,Annmarie,Royster,112
D5653451679,Van,Comnick,113
D6463541439,Lizbeth,Foller,114
D7279401089,Junita,Miro,115
D7751875993,Carissa,Similton,116
D7757448068,Merilyn,Maile,117
D7770361115,Luisa,Malet,118
D7934013852,Lavonna,Good,119
D8463845828,Stephaine,Drymon,120
D9431249359,Benton,Konopacki,121
D9635369685,Carmelina,Staback,122
D9745941406,My,Arceo,123
D9806834505,Tyra,Layous,124
